{"prediction": 321445.47886806267, "prediction_month": "2025-02", "rmse": 369999.3295827551, "clusters": {"Cluster 0": 258, "Cluster 1": 155, "Cluster 2": 8}}